id_arbol,altura_m,superficie_copa_m2,r_40_m,r_130_m,r_220_m,r_310_m
3000,24.511,946.71,0.0,0.0,0.0,0.0
3001,14.806,45.52,5.999,2.463,2.438,4.859
3002,16.874,24.2,5.496,2.332,1.459,1.899
3003,19.32,22.17,5.392,2.622,0.855,1.298
3004,16.85,11.49,4.2,1.952,0.56,0.755
3005,18.477,13.54,3.559,1.934,1.097,1.843
3006,20.293,19.24,5.051,2.206,1.348,2.062
3007,19.426,19.3,4.218,2.861,1.848,1.621
3008,17.738,13.64,3.608,3.45,0.575,0.761
3009,23.915,21.71,4.007,2.502,1.839,3.12
3010,22.491,10.76,3.118,1.873,1.813,1.944
3011,19.379,30.64,5.723,1.82,3.915,2.294
3012,18.376,30.74,6.026,2.234,2.404,2.054
3013,18.69,19.24,5.185,1.648,1.724,1.356
3014,18.597,20.79,5.696,1.882,1.518,1.251
3015,16.093,25.89,4.798,4.007,1.321,1.311
3016,14.971,31.93,3.569,6.295,0.823,0.75
3017,10.844,13.05,0.852,4.979,0.7,0.762
3018,20.676,15.67,2.835,3.936,1.652,1.746
3019,20.117,15.15,2.481,3.381,1.669,1.1
3020,20.99,23.45,2.249,3.162,3.621,3.318
3021,22.032,15.58,1.862,3.666,2.273,1.897
3022,20.812,5.73,2.05,1.242,0.777,1.371
3023,10.074,5.09,2.479,1.245,1.352,0.842
3024,19.753,20.98,3.48,5.611,1.412,1.161
3025,19.728,7.84,2.499,1.501,0.723,1.726
3026,11.933,5.15,0.0,0.0,0.0,0.0
3027,20.329,11.51,2.217,3.186,1.386,1.018
3028,20.239,16.49,4.028,3.054,1.461,1.033
3029,20.645,13.83,3.036,2.421,1.939,1.915
3030,18.176,20.15,4.068,1.939,2.878,3.699
3031,14.251,22.23,2.511,2.385,1.336,5.416
3032,15.391,22.45,2.516,2.395,1.331,5.407
3033,21.699,53.64,5.349,4.391,4.563,5.841
3034,19.004,4.85,0.888,1.702,2.126,0.466
3035,14.938,5.44,1.642,0.976,1.461,1.744
3036,20.891,14.55,2.446,2.306,2.041,2.627
3037,19.161,6.1,2.159,0.87,2.282,1.745
3038,21.319,14.9,2.937,2.46,1.738,2.593
3039,21.33,18.13,2.98,2.459,1.7,2.489
3040,20.168,11.96,3.031,2.68,1.031,1.349
3041,20.235,11.97,2.963,2.774,1.346,1.482
3042,21.092,8.27,2.696,2.917,0.536,0.761
3043,6.444,1.83,0.0,0.0,0.0,0.0
3044,20.922,4.49,1.549,1.345,1.342,1.188
3045,19.525,7.71,1.804,1.58,1.375,1.795
3046,21.456,12.81,3.712,2.479,1.314,2.201
3047,20.239,22.09,3.902,4.573,1.35,0.629
3048,18.687,33.46,2.308,6.024,2.466,1.496
3049,21.005,24.77,2.679,3.456,3.76,3.279
3050,16.265,9.49,1.538,1.835,3.766,1.306
3051,20.244,15.68,2.306,2.877,3.038,1.636
3052,19.981,13.21,3.484,2.966,2.368,1.365
3053,19.809,21.45,3.813,2.51,2.092,2.241
3054,20.526,17.73,3.142,3.343,1.476,2.031
3055,20.44,8.09,2.372,1.794,1.512,1.197
3056,20.468,8.64,2.474,1.947,1.21,1.237
3057,22.09,13.18,2.324,1.936,1.962,2.898
3058,20.85,5.97,1.791,1.778,1.378,1.049
3059,20.057,15.37,1.809,1.919,3.388,1.48
3060,18.364,15.19,2.068,2.326,3.132,1.963
3061,20.7,15.79,2.447,1.494,3.379,2.773
3062,16.279,8.16,1.68,1.546,1.747,2.912
3063,16.178,18.7,2.346,1.678,2.611,4.009
3064,15.434,13.4,0.934,0.928,3.054,3.224
3065,16.314,24.33,1.626,2.311,4.924,3.321
3066,14.06,13.75,0.986,1.432,3.939,2.022
3067,14.012,15.04,1.505,1.982,3.627,2.245
3068,9.885,4.2,0.462,0.349,3.595,0.578
3069,20.894,28.15,1.819,2.099,4.698,3.644
3070,14.901,19.28,1.463,1.073,4.919,2.94
3071,21.492,33.0,3.064,3.202,5.028,3.303
3072,20.387,18.75,1.908,2.553,3.96,1.682
3073,21.791,26.9,2.399,3.954,4.279,1.629
3074,11.053,17.7,1.581,1.642,4.719,1.4
3075,19.993,16.17,1.478,2.114,3.558,2.4
3076,19.126,20.71,1.604,2.209,4.462,2.009
3077,15.921,21.38,1.493,3.46,4.631,1.689
3078,14.696,30.43,0.817,3.254,5.234,3.588
3079,18.877,36.36,2.679,5.801,5.67,2.344
