id,x,y,nota
3001,665727.6762913847,5445473.9591407869,
3002,665729.2721028923,5445471.9843700603,
3003,665730.7931022503,5445470.0646830751,
3004,665732.5582756995,5445468.1383608533,
3005,665734.1754779584,5445466.2340598768,
3006,665735.9386845392,5445464.0725808321,
3007,665737.4812487083,5445462.3257936724,
3008,665739.1295521441,5445460.3659341279,
3009,665742.3874472284,5445456.5616273386,
3010,665743.9889746800,5445454.5618517268,
3011,665745.5739985059,5445452.6264863191,
3012,665747.2793647363,5445450.8151387088,
3013,665748.9400188455,5445448.6862890348,
3014,665750.5992632419,5445446.7973163445,
3015,665752.2364332285,5445444.9514009124,
3016,665753.8407995012,5445443.0866407948,
3017,665751.9654092900,5445441.2923491048,
3018,665750.2434702788,5445443.2780843880,
3019,665747.0599410124,5445447.1804337390,
3020,665745.3273438117,5445449.1390307611,
3021,665742.0469410983,5445452.9400036214,
3022,665740.4355936683,5445454.9577367380,
3023,665738.8078270542,5445456.9343365422,
3024,665737.1602742790,5445458.8977872133,
3025,665735.4658922140,5445460.9097111803,
3026,X,X,sin copa; deterioro inventario terreno
3027,665732.2131308189,5445464.6104117129,
3028,665730.5402857198,5445466.6325496780,
3029,665728.9489572973,5445468.5578512726,
3030,665727.2811401268,5445470.4030949939,
3031,665725.2524875833,5445472.5188239543,
3032,665725.2421063853,5445472.521314632,3DFin T1 3032_con_suelo.las.xlsx
3033,665723.6162299007,5445470.7303406401,
3034,665725.3187559596,5445468.8473371984,
3035,665726.9493797203,5445466.9422524283,
3036,665728.6102966873,5445464.9928818224,
3037,665730.3338019848,5445463.0503055239,
3038,665731.7873362314,5445461.1155035580,
3039,665733.4635487313,5445459.1899273666,
3040,665735.1842546011,5445457.2400132837,
3041,665736.7867453669,5445455.3246899126,
3042,665738.5079753014,5445453.3169536311,
3043,X,X,sin copa; deterioro inventario terreno
3044,665744.9821869798,5445445.6575010689,
3045,665746.5322141290,5445443.7452963181,
3046,665748.2424333576,5445441.8058384098,
3047,665750.0290166311,5445440.0920923036,
3048,665747.9248774780,5445438.2446450191,
3049,665746.2555059959,5445440.2385107204,
3050,665744.6208580760,5445442.2030500025,
3051,665742.9654705905,5445444.1306210756,
3052,665741.3687924137,5445446.0597011540,
3053,665739.6477667696,5445448.0150416261,
3054,665736.4910086424,5445451.8708120855,
3055,665734.8418594527,5445453.7769445367,
3056,665733.2219287130,5445455.7429116759,
3057,665731.5379666813,5445457.5955641111,
3058,665729.8854214342,5445459.5357388258,
3059,665728.2509208809,5445461.4804706592,
3060,665726.5852489922,5445463.3964587692,
3061,665724.9582494990,5445465.2963818088,
3062,665723.3273405129,5445467.2189015308,
3063,665721.6946746761,5445469.1252542362,
3064,665719.8202521066,5445467.5735347671,
3065,665721.3861605218,5445465.6162330387,
3066,665723.0229439200,5445463.6521497229,
3067,665724.6586483399,5445461.7594797788,
3068,665726.2130000000,5445459.8190000000,CloudCompare Captura.PNG
3069,665727.9105361388,5445458.0028566616,
3070,665729.5331931639,5445456.0125671197,
3071,665731.2489827583,5445453.9903763514,
3072,665732.9330866191,5445452.0778350336,
3073,665734.5249445440,5445450.1610342748,
3074,665736.1440215238,5445448.2134102955,
3075,665737.8629849330,5445446.3332446693,
3076,665739.4223659363,5445444.3240193501,
3077,665741.1458046106,5445442.4801885961,
3078,665744.3912628497,5445438.5159485592,
3079,665745.9524432591,5445436.5244573969,
