id,x_sample,y_sample,dem_z_m,las_zmin_before_m,delta_z_m
3001,665727.5918444445,5445474.729355556,91.0,-0.178,91.178
3002,665729.383047059,5445472.571588236,91.0,-0.027,91.027
3003,665730.4827717392,5445470.016451088,91.0,0.04,90.96
3004,665732.7913308272,5445468.299060151,91.0,0.09,90.91
3005,665734.2919391305,5445466.591578261,90.28683913033456,0.07,90.21683913033456
3006,665736.258070513,5445464.577405983,90.0,0.067,89.933
3007,665736.9680425533,5445462.129021276,90.0,-0.015,90.015
3008,665738.9252027028,5445460.318913289,89.75695880300957,-0.026000000000000002,89.78295880300956
3009,665742.8109166666,5445456.3975277785,89.0,-0.23,89.23
3010,665743.5513195876,5445454.4422886595,89.0,-0.23800000000000002,89.238
3011,665745.1108221477,5445452.689761745,88.74837685369525,-0.293,89.04137685369525
3012,665747.3998041237,5445450.112175258,88.0,-0.328,88.328
3013,665749.0418025478,5445448.18745223,88.0,-0.439,88.439
3014,665750.1037239914,5445446.185184713,88.0,-0.529,88.529
3015,665751.9018709017,5445444.727174181,88.0,-0.595,88.595
3016,665753.5134832215,5445443.365194631,87.81063659251926,-0.6970000000000001,88.50763659251926
3017,665751.6951438357,5445441.3035753425,87.64283767109737,-0.758,88.40083767109736
3018,665750.1391144783,5445442.779427609,88.0,-0.656,88.656
3019,665746.8553953489,5445446.611961945,88.00000000000001,-0.524,88.52400000000002
3020,665745.7902058825,5445449.093862746,88.0,-0.463,88.463
3021,665742.4971657754,5445452.694973262,89.0,-0.321,89.321
3022,665740.3601320263,5445454.686371243,89.0,-0.229,89.229
3023,665738.6272530488,5445456.77805183,89.00000000000001,-0.165,89.16500000000002
3024,665736.9074029851,5445458.340246269,89.16117313411087,-0.10200000000000001,89.26317313411087
3025,665735.5721382113,5445461.0136747975,90.0,0.02,89.98
3026,665733.8620744683,5445462.798574468,90.0,0.057,89.943
3027,665732.0991939395,5445464.410942424,90.02493913729901,0.083,89.94193913729902
3028,665730.023890909,5445466.487472728,91.0,0.07200000000000001,90.928
3029,665728.6794827587,5445468.394396552,90.99999999999999,0.049,90.95099999999998
3030,665726.9339603962,5445470.333326734,91.0,0.016,90.984
3031,665725.3049052289,5445472.537895425,91.0,-0.164,91.164
3032,665725.3049052289,5445472.537895425,91.0,-0.164,91.164
3033,665723.5280483873,5445471.401,91.0,-0.14,91.14
3034,665725.3743617022,5445469.007297873,91.0,-0.085,91.085
3035,665727.0501960785,5445467.20379085,91.00000000000001,-0.026000000000000002,91.02600000000001
3036,665728.7987563453,5445465.232213198,90.91244378063644,0.017,90.89544378063644
3037,665730.597748503,5445463.036275449,90.0,-0.049,90.049
3038,665732.0679687501,5445461.434480469,90.00000000000001,-0.042,90.04200000000002
3039,665733.9298761906,5445458.981990476,90.0,-0.076,90.076
3040,665735.5382828282,5445457.136111111,89.2277564484767,-0.114,89.3417564484767
3041,665737.0291739132,5445455.374876812,89.0,-0.176,89.176
3042,665738.8395818182,5445452.929436365,89.0,-0.252,89.252
3043,665743.3040243903,5445447.795195123,88.0,-0.47000000000000003,88.47
3044,665745.38633515,5445445.364310627,88.0,-0.611,88.611
3045,665746.5165467627,5445443.935453237,88.0,-0.638,88.638
3046,665748.75615,5445441.425216668,87.94026492866787,-0.78,88.72026492866787
3047,665750.3385769231,5445439.218376923,87.00432864273786,-0.8260000000000001,87.83032864273785
3048,665748.3023949582,5445438.77847059,87.38028529472649,-0.726,88.10628529472649
3049,665746.3124923076,5445439.621169232,87.80565227773461,-0.717,88.52265227773461
3050,665744.194517143,5445441.878105715,88.0,-0.626,88.626
3051,665743.023562724,5445443.264053764,88.0,-0.597,88.597
3052,665741.3422166668,5445445.3716916675,88.0,-0.483,88.483
3053,665739.5717181207,5445447.4960134225,88.28870580806856,-0.331,88.61970580806856
3054,665736.6275371902,5445451.368975207,89.0,-0.223,89.223
3055,665734.6823643411,5445453.486449612,89.0,-0.191,89.191
3056,665733.2337832169,5445455.620496503,89.44841322559955,-0.051000000000000004,89.49941322559955
3057,665731.1273721803,5445457.376605263,90.0,-0.045,90.045
3058,665729.8074045802,5445459.421267175,90.0,0.014,89.986
3059,665727.8102238806,5445461.837925372,90.0,0.023,89.977
3060,665726.2194864865,5445463.482832433,90.75032590392495,0.024,90.72632590392494
3061,665724.9840530973,5445464.764345133,91.0,0.031,90.969
3062,665722.9770630633,5445467.175711711,91.0,-0.079,91.079
3063,665721.46604,5445469.320740001,91.0,-0.062,91.062
3064,665719.6332237762,5445467.681643357,91.0,-0.012,91.012
3065,665720.8597990432,5445465.176904307,91.0,-0.001,91.001
3066,665723.1135308644,5445463.829234568,91.0,0.056,90.944
3067,665725.0666909091,5445461.888054545,90.6013991980665,0.058,90.5433991980665
3068,665726.5395679013,5445460.022629631,90.0,0.062,89.938
3069,665728.2988378379,5445458.378252254,90.0,-0.009000000000000001,90.009
3070,665730.0895885417,5445456.284598959,90.0,-0.051000000000000004,90.051
3071,665731.3940563381,5445454.647323944,89.6432882773383,-0.057,89.7002882773383
3072,665733.5503404257,5445452.275510639,89.0,-0.192,89.192
3073,665735.2198513986,5445450.404587413,89.0,-0.23800000000000002,89.238
3074,665736.2550666668,5445448.765586666,89.0,-0.279,89.279
3075,665738.4496060606,5445446.487651516,88.22353054686785,-0.40700000000000003,88.63053054686785
3076,665740.0099036145,5445444.430692771,88.0,-0.483,88.483
3077,665741.5357586207,5445442.527800767,88.0,-0.56,88.56
3078,665744.7648793104,5445438.9659870695,87.89168470687004,-0.674,88.56568470687004
3079,665746.3859846154,5445437.041503297,87.00000000000001,-0.742,87.74200000000002
