N°;ID Fondecyt;DAP Terreno (cm);Altura Terreno (m);Radio N Terreno (m);Radio E Terreno (m);Radio S Terreno (m);Radio O Terreno (m)
1;3001;81;23.1;6.1;5.4;2.5;4.5
2;3002;58;19.2;2.3;4.5;2.5;1.9
3;3003;50.1;21.8;3.1;6.4;2.5;0.9
4;3004;31.2;19.9;3.7;6.4;1.6;1.4
5;3005;44;20.4;2;4.4;2.1;1.4
6;3006;58;18.2;1.4;3.9;1.8;1.2
7;3007;69;18.3;1.1;3.5;2.1;1.3
8;3008;33.5;17.6;1.1;3.5;1.8;0.7
9;3009;38;20.3;2.1;4.5;1.2;0.8
10;3010;35.5;21.3;1.7;4.2;0.6;1.6
11;3011;51;21.8;1.6;4.8;1.4;1.8
12;3012;46;20.2;1.8;4.3;1.7;1
13;3013;46;20.9;1.6;4.2;0.6;1.1
14;3014;45;24.9;1.1;4.9;2;1.3
15;3015;44.5;19.57;1.7;4.9;1.3;1.8
16;3016;55;21.5;0.6;3.8;5.4;1.2
17;3017;23;15.7;0;1.6;6.3;1.9
18;3018;33;22.1;2.2;1.5;1.4;0.8
19;3019;33.5;18.4;0.7;1.8;3.1;2.4
20;3020;42;24.4;3.1;1.2;1.3;3.6
21;3021;27;24.4;1.3;0.9;1.1;1.8
22;3022;18;21.2;1.3;1.1;0.9;0.6
23;3023;6;10.5;1.4;1.5;1.2;1.3
24;3024;35.5;24.5;1.7;2.4;3.1;1.3
25;3025;25;23.3;1.2;2.6;1.7;1.3
26;3026;9;10;0;0;0;0
27;3027;31;24.2;0.7;1.5;3.1;1
28;3028;30;22.2;1.3;3.2;2.2;1.6
29;3029;41;25.1;1.1;2.9;1.3;1.9
30;3030;36;22.1;0.9;1.6;1.2;1.6
31;3031;15;22.5;5.4;1.5;0.7;0.9
32;3032;7;8.6;2.4;2.9;1.7;2.3
33;3033;51;23.4;3.9;2.7;2.3;3.3
34;3034;15;20.9;0;0;1;1.4
35;3035;11;20;0.9;1.4;0.8;0.9
36;3036;28;22.8;2;1.2;1.5;1
37;3037;21;23.9;1;2.4;1.1;0.4
38;3038;25;18.3;2.3;1.2;0;0.8
39;3039;36;24.6;2.5;2.5;1.6;0.9
40;3040;32;21.8;1.7;1.9;2;1.7
41;3041;21;23.1;2;3;2.4;1.1
42;3042;19;19.6;2;2.4;1.9;0.6
43;3043;6;6.7;0;0;0;0
44;3044;17;18.3;1.2;1.9;0.5;0.9
45;3045;22.5;21.8;2.2;0.9;0.6;1.6
46;3046;36.5;19.7;2.5;2;0.9;1.8
47;3047;43;22.4;0.9;4.4;4.2;0.3
48;3048;62;23.1;2.7;2.2;5.3;1.7
49;3049;41;23.6;2.4;2.3;1.6;4.4
50;3050;31;21.4;1.4;0.9;0.9;1.1
51;3051;30;22;1.1;1.6;1.9;2.6
52;3052;32;20.4;1.5;2;1.7;2.3
53;3053;40;23.4;2.5;2.6;2.4;1.6
54;3054;39;22.6;1.2;2.5;3;1.3
55;3055;26;23.5;1;1.3;1.2;1.5
56;3056;24;21.9;1;1.7;1.8;0.7
57;3057;35;24.7;2.5;1.6;1.5;2.1
58;3058;14;17.5;0.7;0.5;0.9;0.7
59;3059;32;23.6;1.1;1.3;2.4;3.3
60;3060;36;23.9;2.3;1;2.4;2.5
61;3061;36;23.3;2.1;1.9;1.2;2.4
62;3062;17;17.2;2.4;0;0;2.3
63;3063;32;21.6;5.3;2;0;2.4
64;3064;26;18.8;3.6;1;1.9;5.2
65;3065;40;22.1;0.9;0.3;3.2;4.7
66;3066;23;19.9;1.6;0.2;1.6;3.6
67;3067;35;22.6;2.1;1;2.3;4.3
68;3068;8;13.2;2.3;0.6;0;3.4
69;3069;38;22.7;3.9;1.2;1.5;5.4
70;3070;31;19.5;3.5;0.2;2.2;5.4
71;3071;56;26.4;1.8;0.7;2.3;5.1
72;3072;34;20;2.8;2.4;2.1;5
73;3073;47;25.7;1.2;1.5;2.3;3.6
74;3074;58.5;12.4;3.6;2.2;2.3;6.1
75;3075;41;22.2;2.2;1;2.3;5.9
76;3076;40;18.9;3.1;0.7;3;5.1
77;3077;31;22;1.7;0.8;2.5;4.1
78;3078;37.5;17.5;2;0;3.2;4.6
79;3079;49.5;20.7;1.5;0.8;6.1;5.6
